[
    {
      "title": "CEO's Marriage Proposal",
      "description": "'Kapde pehno aur mere sath civil court chalo', apni hi wedding planner Myra ko Ishaan civil court le ja kar Marriage Contract par sign karwa leta hai. Single mother Myra apne bacchon se door, first-night pe Ishaan ke kamre mein wine ki bottle liye enter karti hai, aur agle hi subah Ishaan use phir se apne wedding ki planning ke liye bahar khada kar deta hai. Apne hi pati ki wedding planning kaise karegi Myra? Apne bacchon se door kyu ki usne Ishaan ke kehne par ye shaadi?",
      "author": "Rupal",
      "poster": "https://images.cdn.kukufm.com/w:384/f:webp/q:75/https://images.cdn.kukufm.com/f:webp/https://s3.ap-south-1.amazonaws.com/kukufm/channel_icons/c63a097eb8de4b6f82aa2742dace02a2_landscape_342.png",
      "avgRating": 4.7,
      "noOfEpisodes": 272,
      "runtime": "38 hr 8 min",
      "genre": "Romantic",
      "reviews": [
        { "review": "good story", "userRating": 4 },
        { "review": "next episode please", "userRating": 5 },
        { "review": "best shower audio book", "userRating": 5 },
        { "review": "boner aagaya", "userRating": 4 }
      ]
    },
    {
      "title": "Hunter",
      "description": "Mumbai me garam hai drugs aur crime ka bazaar. Bollywood ke sitare bhi is dhandhe mein hain phanse. Par tabhi, ek anjaana shikari aata hai, jiska nishana hai har apradhi. Ye kahani hai us brave Crime Branch officer ki, jo is mystery ko suljhane nikli hai ki kaun hai ye Hunter? Jo kanoon todkar kar raha Kanoon ki hifazat. Kya Officer Akriya is shikari tak pahunch payegi? ya usey bhi apna shikar bana lega ye Hunter? Abhi sune sirf Kuku FM par.",
      "author": "Saurabh Nishad",
      "poster": "https://images.cdn.kukufm.com/w:384/f:webp/q:75/https://images.cdn.kukufm.com/f:webp/https://s3.ap-south-1.amazonaws.com/kukufm/channel_icons/90014047a1264b5099bcaab608861790_landscape_227.png",
      "avgRating": 4.9,
      "noOfEpisodes": 22,
      "runtime": "3 hr 45 min",
      "genre": "Crime",
      "reviews": [
        { "review": "good story", "userRating": 4 },
        { "review": "crime scene hai baawe", "userRating": 5 },
        { "review": "next episode please", "userRating": 5 },
        { "review": "mooth nikal gaya bhai", "userRating": 4 },
        { "review": "krazy", "userRating": 4 }
      ]
    },
    {
      "title": "Maaya",
      "description": "Ek normal workshop mein kaam karne wali Maaya ki jindagi us waqt badal jati hai jab use milta hai ek naya PA. Is PA ke pane ke liye ek badi MNC kisi bhi had tak ja sakti hai. Par is PA ki madad se Maaya, aane wali tabahi ko bhi rok sakti hai. Kya Maaya is duniya ko bacha payegi? Janne ke liye sunein, Maaya",
      "author": "Varsha Singh",
      "poster": "https://images.cdn.kukufm.com/w:384/f:webp/q:75/https://images.cdn.kukufm.com/f:webp/https://s3.ap-south-1.amazonaws.com/kukufm/channel_icons/ce56648d38b94ffa93f8175884cc7a31_landscape_895.png",
      "avgRating": 5,
      "noOfEpisodes": 20,
      "runtime": "2 hr 45 min",
      "genre": "Sensational",
      "reviews": [
        { "review": "ladki hot hai", "userRating": 4 },
        { "review": "inspriring", "userRating": 5 },
        { "review": "next episode please", "userRating": 5 },
        { "review": "maaya ❌ mOOya ✅", "userRating": 5 }
      ]
    },
    {
      "title": "My boyfriend is nigga",
      "description": "Apni katilana zindagi se tang aakar Japan ka ek khatarnaak ninja, Zoro Yoshida, India bhaag aata hai aur Nidhi se pyaar kar baithta hai. Jab use pata chalta hai ki Nidhi ki jaan khatre mein hai, tab firse uske samne uski purani zindagi khadi hoti hai, jisse bhaag kar wo India aaya tha. Kya Zoro firse rakhega kadam gunaho ki duniya me aur bahayega khoon ki nadiya ya fir wo chhod dega Nidhi ka sath? Aayiye sunte hain hmare is khaas audio show me.",
      "author": "Aryan Suvada",
      "poster": "https://images.cdn.kukufm.com/w:384/f:webp/q:75/https://images.cdn.kukufm.com/f:webp/https://s3.ap-south-1.amazonaws.com/kukufm/channel_icons/4ddf497372bd420181aa2b2f918560c5_landscape_418.jpeg",
      "avgRating": 4.7,
      "noOfEpisodes": 30,
      "runtime": "4 hr 48 min",
      "genre": "Sensational",
      "reviews": [
        { "review": "my boyfriend is nigga 😂😂", "userRating": 4 },
        { "review": "meri maa meko dekh ke ek din roo padi", "userRating": 5 },
        { "review": "next episode please", "userRating": 5 },
        { "review": "jit trippin", "userRating": 4 },
        { "review": "krazy", "userRating": 4 }
      ]
    },
    {
      "title": "Figther Romeo",
      "description": "Avinash ek mamuli guard tha, par ek raat base par hue hamle ne uski zindagi badal di. Shweta ke saath milkar dushmanon ko maat dene ke baad, Avinash ek naye safar par nikal pada, jo uski poori life change kar dega. Kya Shweta aur Avinash phir kabhi mil paayenge?",
      "author": "Nitisha Agarwal",
      "poster": "https://images.cdn.kukufm.com/w:384/f:webp/q:75/https://images.cdn.kukufm.com/f:webp/https://s3.ap-south-1.amazonaws.com/kukufm/channel_icons/3718e63e21444f4aa0eb216bfa2d8650_landscape_321.png",
      "avgRating": 4.4,
      "noOfEpisodes": 20,
      "runtime": "2 hr 50 min",
      "genre": "Sensational",
      "reviews": [
        { "review": "Romeo fighter waah ", "userRating": 4 },
        { "review": "skrrr paa dhoo dhoo dhoo boom", "userRating": 5 },
        { "review": "next episode please", "userRating": 5 },
        { "review": "sahi laga bhai sun ke", "userRating": 4 }
      ]
    },
    {
      "title": "Shaapit",
      "description": "Manyata hai ki ek bahut shaktishaali pishaach Surik ka sir aur dhad  Almora aur Nainital ke do Shiv mandiro me dafan hai, jahan kisi bhi insaan ko kadam rakhne ki ijaazat nahi hai. Kehte hain agar uske sir aur dhad aapas mein jud gaye to qayamat aa jaayegi. Kya hoga jab Sureek firse zinda hoga? Kya sach hai is lok katha ka? Aayiye sunte hain sirf Kuku FM par.",
      "author": "Samvart Harshit",
      "poster": "https://images.cdn.kukufm.com/w:384/f:webp/q:75/https://images.cdn.kukufm.com/f:webp/https://s3.ap-south-1.amazonaws.com/kukufm/channel_icons/e43107de0e7146d6bae02cea203c8844_landscape_867.jpeg",
      "avgRating": 4.5,
      "noOfEpisodes": 30,
      "runtime": "4 hr 48 min",
      "genre": "Sensational",
      "reviews": [
        { "review": "bhai daravani hai audiobook", "userRating": 4 },
        { "review": "nice sound producing", "userRating": 5 },
        { "review": "next episode please", "userRating": 5 },
        { "review": "badiya kaam", "userRating": 4 }
      ]
    },
    {
      "title": "Qareen: Khooni Khoj",
      "description": "Bollywood ki Sex Goddess Jiya Kapoor, jisne apna stardom bachane ke liye kia Shaitan se sauda.  Ek aisa sauda jiski kimat chuka rahi aaj uski beti. Kya bacha payegi wo khud ko is abhishap se? ya ho jayegi shikar Ghoul, Witches aur hawas ke bhookhe shaitano ka? Janne ke liye sunein – QAREEN: KHOONI KHOJ",
      "author": "Pranav Shashank",
      "poster": "https://images.cdn.kukufm.com/w:384/f:webp/q:75/https://images.cdn.kukufm.com/f:webp/https://s3.ap-south-1.amazonaws.com/kukufm/channel_icons/a79ff826b9c8428095d7c986474a88db_landscape_905.png",
      "avgRating": 4.9,
      "noOfEpisodes": 20,
      "runtime": "3 hr 2 min",
      "genre": "Horror",
      "reviews": [
        { "review": "clevage 10/10", "userRating": 4 },
        { "review": "horror nhi hawas hai", "userRating": 5 },
        { "review": "nice listening", "userRating": 5 }
      ]
    },
    {
      "title": "Student of the year",
      "description": "Manyata hai ki ek bahut shaktishaali pishaach Surik ka sir aur dhad  Almora aur Nainital ke do Shiv mandiro me dafan hai, jahan kisi bhi insaan ko kadam rakhne ki ijaazat nahi hai. Kehte hain agar uske sir aur dhad aapas mein jud gaye to qayamat aa jaayegi. Kya hoga jab Sureek firse zinda hoga? Kya sach hai is lok katha ka? Aayiye sunte hain sirf Kuku FM par.",
      "author": "Shankar dubra",
      "poster": "https://images.cdn.kukufm.com/w:384/f:webp/q:75/https://images.cdn.kukufm.com/f:webp/https://s3.ap-south-1.amazonaws.com/kukufm/channel_icons/476e9f4e9b0249ac803484c4a3bc7aee_landscape_759.png",
      "avgRating": 5.0,
      "noOfEpisodes": 10,
      "runtime": "1 hr 17 min",
      "genre": "Sensational",
      "reviews": [
        { "review": "super powers are myth", "userRating": 2 },
        { "review": "wack ass", "userRating": 3 },
        { "review": "yoni me khujali ho to mujhe contact kre", "userRating": 5 }
      ]
    },
    {
      "title": "Haunted House",
      "description": "गुरू और नेहा मंसूरी में नया घर लेते हैं, लेकिन रोज रोज नए नए अजीब घटनाएं होने लगती है। क्‍योंकि वह घर भूतिया होता है। गुरू के साथ एक अधजली गुड़िया साथ आती है। क्‍या है उस गुड़िया का रहस्‍य? गुरू उस गुड़िया को हमेशा बस एक टक देखता रहता है। ऐसे ना जाने कितने सवाल थे नेहा के दिमाग में जिसके जवाब गुरु के ही पास थे। उसे दुःख होता न जाने  क्यों वह उसे उस गुड़िया के पीछे की कहानी नहीं बताना चाहता? न जाने उस जली हुई गुड़िया का ऐसा क्या राज था  जो वह चाहकर भी अपनी पत्नी को बता नहीं पा रहा था।",
      "author": "Sachin Gaur",
      "poster": "https://images.cdn.kukufm.com/w:384/f:webp/q:75/https://images.cdn.kukufm.com/f:webp/https://s3.ap-south-1.amazonaws.com/kukufm/channel_icons/79482ece4f6c48e6be971582a4bd8ee9_landscape_806.jpg",
      "avgRating": 4.5,
      "noOfEpisodes": 30,
      "runtime": "7 hr 18 min",
      "genre": "Horror",
      "reviews": [
        { "review": "bhai daravani hai audiobook", "userRating": 5 },
        { "review": "nice sound producing", "userRating": 4 },
        { "review": "next episode please", "userRating": 5 },
        { "userRating": 4 },
        { "review": "badiya kaam", "userRating": 4 }
      ]
    },
    {
        "title": "Nayi Padosan",
        "description": "Newly married Bhavna thi apne husband se unsatisfied. Apni jism ki pyaas ko bujhane wo kar baithi affair apne padosi ladke ke sath. But agle hi din us ladke ka ho gaya khoon. Kaun hai ye hatyara? koi sirfira katil ya colony me aayi ye Nayi Padosan?",
        "author": "Sachin Gaur",
        "poster": "https://images.cdn.kukufm.com/w:384/f:webp/q:75/https://images.cdn.kukufm.com/f:webp/https://s3.ap-south-1.amazonaws.com/kukufm/channel_icons/882c828506264245a695b5b347866c3a_landscape_257.png",
        "avgRating": 4.4,
        "noOfEpisodes": 30,
        "runtime": "4 hr 48 min",
        "genre": "Crime",
        "reviews": [
          { "review": "me hu bhabhi lover", "userRating": 5 },
          { "review": "nayi padosan qismat waalo ko milti hai", "userRating": 4 },
          { "review": "mkc me wapis gusne ke liye like kare", "userRating": 4 },
          { "review": "no cap bhabi suductive hai", "userRating": 5 },
          { "userRating": 5 },
          { "review": "ily bhabhi ji", "userRating": 5 }
        ]
      },
      {
        "title": "Countdown",
        "description": "Apni gareebi se tang aa chuke Rahul ke hosh tab udd jate hain jab use ek aisi jagah ke bare me pata lagta hai, jahan wo paiso ke liye apni zindagi bech sakta hai. Is ajib technology ke piche hai , Timezone naam ki ek organisation aur uska ek khatarnak plan. Kya Rahul time observer Maya ki madad se kar paayega Timezone ke raaz ka parda faash aur bacha paayega duniya ko? Janne ke liye sunein Countdown ",
        "author": "Dhruv Agarwal",
        "poster": "https://images.cdn.kukufm.com/w:384/f:webp/q:75/https://images.cdn.kukufm.com/f:webp/https://s3.ap-south-1.amazonaws.com/kukufm/channel_icons/9853ceda31d14433a728bb2f004caaa8_landscape_306.jpeg",
        "avgRating": 4.5,
        "noOfEpisodes": 30,
        "runtime": "4 hr 48 min",
        "genre": "Romantic",
        "reviews": [
          { "review": "cyborg nigga", "userRating": 5 },
          { "review": "bhai ne soul bech di, avg rapper", "userRating": 4 },
          { "review": "maya hot hai ", "userRating": 5 },
          { "userRating": 4 }
        ]
      },
      {
        "title": "Destination Wedding Siyappa",
        "description": "Jahaa wedding hai waha siyappa toh hona hi hai! Hoshangabad ki chulbuli Sweety se ho gaya hai pyaar humare daring innocent bhaiya ji ko! Par sweety ji ki hone wali hai shaadi. Sweety bhi is simple shaadi se khush nahi hai kyunki uska sapna hai Destination Wedding karne ka! Idhar Bhaiya ji bhi hain udaas... Toh kya Bhaiya ji time pe kar paayenge apne pyaar ka izhaar? Kya milegi Sweety ko apne sapnon wali Destination Wedding? Ya sirf reh jayega Siyappa?",
        "author": "Samvart Harshit",
        "poster": "https://images.cdn.kukufm.com/w:384/f:webp/q:75/https://images.cdn.kukufm.com/f:webp/https://s3.ap-south-1.amazonaws.com/kukufm/channel_icons/d81540c3452f41d68d7f19dd87fc97e7_landscape_644.png",
        "avgRating": 4.3,
        "noOfEpisodes": 30,
        "runtime": "30 hr 48 min",
        "genre": "Romantic",
        "reviews": [
          { "review": "siyappa hona hi hai", "userRating": 5 },
          { "review": "baabe bachi check kr", "userRating": 4 }
        ]
      },
      {
        "title": "Jadoo Teri Nazar",
        "description": "Ladakon se nafarat karne vaali khaamosh tabiyat ki Piya jab Palash ko pehali baar dekhati hai to bina Palash ki marzi ke use jabaradastee kiss kar leti hai. Palash tilmila jaata hai, vo Piya se kahata hai ya to vo sexual hairasament ke liye Jail jane ko taiyaar rahe ya usakee sharten maane. Jail jane se bachane ke liye Piya Palash ki sharten maan leti hai. Lekin Palash ki sharten maanate hi Piya ki zindagi mein toofan aa jaata hai.In sab se kya Piya haar jayegi ya phir samne aakar mukabla karegi? Janne ke liye sunte rahein Jadoo Teri Nazar",
        "author": "Devansh menaria",
        "poster": "https://images.cdn.kukufm.com/w:384/f:webp/q:75/https://images.cdn.kukufm.com/f:webp/https://s3.ap-south-1.amazonaws.com/kukufm/channel_icons/a511d8914a7c486a880c8b003c863d30_landscape_732.jpg",
        "avgRating": 4.1,
        "noOfEpisodes": 30,
        "runtime": "4 hr 48 min",
        "genre": "Romantic",
        "reviews": [
          { "review": "sexual hairasament to aam baat hai", "userRating": 5 },
          { "review": "let that sink in", "userRating": 4 },
          { "review": "KUKU FM NAUKRI DEDO", "userRating": 4 }
        ]
      },
      {
        "title": "Hidden CEO",
        "description": "Manyata hai ki ek bahut shaktishaali pishaach Surik ka sir aur dhad  Almora aur Nainital ke do Shiv mandiro me dafan hai, jahan kisi bhi sherlock ko kadam rakhne ki ijaazat nahi hai. Kehte hain agar uske sir aur dhad aapas mein jud gaye to qayamat aa sherlock. Kya hoga jab Sureek firse zinda hoga? Kya sach hai is lok katha ka? Aayiye sunte hain sirf Kuku FM par.",
        "author": "Samvart Harshit",
        "poster": "https://images.cdn.kukufm.com/w:384/f:webp/q:75/https://images.cdn.kukufm.com/f:webp/https://s3.ap-south-1.amazonaws.com/kukufm/channel_icons/fa1a33aa76444c04af91e2431ecc52d8_landscape_732.png",
        "avgRating": 4.8,
        "noOfEpisodes": 30,
        "runtime": "5 hr 8 min",
        "genre": "Crime",
        "reviews": [
          { "review": "bhai daravani hai audiobook", "userRating": 5 },
          { "review": "nice sound producing", "userRating": 4 },
          { "review": "next episode please", "userRating": 4 },
          { "userRating": 5 },
          { "review": "nice book", "userRating": 5 }
        ]
      },
      {
        "title": "Kaal",
        "description": "Daksh abhi schizophrenia ke attack se ubra bhi nahi tha ki shehar mein ek ke baad ek, katl hone lage hain. Aur in katlon ka link juda hai Daksh ke past se. Kya Daksh apne beete kal ko badal payega? Janne ke liye sunien, Kaal…",
        "author": "Baba DON",
        "poster": "https://images.cdn.kukufm.com/w:384/f:webp/q:75/https://images.cdn.kukufm.com/f:webp/https://s3.ap-south-1.amazonaws.com/kukufm/channel_icons/1795ca2dee0440c2ae125ef414a26575_landscape_347.jpeg",
        "avgRating": 5.0,
        "noOfEpisodes": 10,
        "runtime": "4 hr 48 min",
        "genre": "Crime",
        "reviews": [
          { "review": "bhai daravani hai audiobook", "userRating": 5 },
          { "review": "nice sound producing", "userRating": 4 },
          { "review": "next episode please", "userRating": 4 },
          { "userRating": 5 }
        ]
      }
    ]